10 MiB, 1 GiB, 10 GiB, 50 GiB,
0.000011,0.001160,0.013176,0.066943,
0.000011,0.001131,0.013185,0.066887,
0.000011,0.001173,0.013488,0.067991,
0.000011,0.001137,0.013187,0.067452,
0.000011,0.001177,0.013195,0.066945,
0.000011,0.001169,0.013840,0.069436,
0.000011,0.001130,0.013543,0.068378,
0.000011,0.001145,0.013428,0.067546,
0.000011,0.001131,0.013178,0.066980,
0.000011,0.001219,0.013198,0.066853,
0.000011,0.001146,0.013164,0.069296,
0.000011,0.001132,0.013508,0.068090,
0.000011,0.001140,0.013492,0.068215,
0.000011,0.001157,0.013365,0.067297,
0.000011,0.001170,0.013237,0.066948,
0.000011,0.001163,0.013153,0.069651,
0.000011,0.001201,0.013754,0.068478,
0.000011,0.001129,0.013267,0.067403,
0.000011,0.001131,0.013382,0.067952,
0.000011,0.001132,0.013334,0.067819,
0.000011,0.001156,0.013190,0.067096,
0.000011,0.001161,0.013210,0.066963,
0.000011,0.001216,0.013588,0.068522,
0.000011,0.001164,0.013383,0.067887,
0.000011,0.001197,0.013286,0.067413,
0.000011,0.001141,0.013148,0.066838,
0.000011,0.001168,0.013193,0.068441,
0.000011,0.001155,0.013270,0.066972,
0.000012,0.001148,0.013448,0.067831,
0.000011,0.001147,0.013526,0.067859,
0.000011,0.001147,0.013185,0.067215,
0.000011,0.001151,0.013424,0.067022,
0.000011,0.001131,0.013227,0.066956,
0.000011,0.001209,0.013273,0.067051,
0.000011,0.001154,0.013150,0.067179,
0.000011,0.001156,0.013504,0.068863,
0.000011,0.001194,0.013426,0.067867,
0.000011,0.001205,0.013310,0.067479,
0.000011,0.001144,0.013254,0.067107,
0.000011,0.001146,0.013172,0.066933,
0.000011,0.001172,0.013458,0.068154,
0.000011,0.001164,0.013189,0.066983,
0.000011,0.001131,0.013255,0.066915,
0.000011,0.001135,0.013178,0.066945,
0.000011,0.001185,0.013148,0.066933,
0.000011,0.001164,0.013638,0.069403,
0.000011,0.001217,0.013793,0.069441,
0.000011,0.001174,0.013576,0.069426,
0.000011,0.001219,0.013717,0.068993,
0.000011,0.001197,0.013492,0.068233,
0.000011,0.001158,0.013318,0.067482,
0.000011,0.001158,0.013169,0.067212,
0.000011,0.001146,0.013137,0.067036,
0.000011,0.001140,0.013164,0.068048,
0.000011,0.001167,0.013460,0.068432,
0.000011,0.001146,0.013299,0.067643,
0.000011,0.001187,0.013366,0.067734,
0.000011,0.001188,0.013222,0.067282,
0.000011,0.001158,0.013180,0.066938,
0.000011,0.001180,0.013188,0.066839,
0.000011,0.001146,0.013370,0.070037,
0.000011,0.001133,0.013539,0.068359,
0.000011,0.001150,0.013347,0.068159,
0.000011,0.001162,0.013227,0.067112,
0.000011,0.001242,0.013115,0.067223,
0.000011,0.001188,0.013554,0.069304,
0.000011,0.001191,0.013671,0.068046,
0.000011,0.001187,0.013241,0.066885,
0.000011,0.001186,0.013278,0.069646,
0.000011,0.001150,0.013533,0.068407,
0.000011,0.001193,0.013778,0.067600,
0.000011,0.001202,0.013351,0.067755,
0.000011,0.001147,0.013177,0.066906,
0.000011,0.001131,0.013572,0.068487,
0.000011,0.001154,0.013569,0.067593,
0.000011,0.001202,0.013171,0.066816,
0.000011,0.001155,0.013200,0.066994,
0.000011,0.001149,0.013194,0.070307,
0.000011,0.001167,0.013771,0.069982,
0.000011,0.001146,0.013413,0.067434,
0.000011,0.001173,0.013314,0.067037,
0.000011,0.001149,0.013260,0.066945,
0.000011,0.001145,0.013169,0.066907,
0.000011,0.001124,0.013177,0.069832,
0.000011,0.001140,0.013486,0.067885,
0.000011,0.001221,0.013230,0.066904,
0.000011,0.001127,0.013175,0.066829,
0.000011,0.001163,0.013183,0.067357,
0.000011,0.001180,0.013141,0.068225,
0.000011,0.001173,0.013846,0.070002,
0.000011,0.001178,0.013862,0.069013,
0.000011,0.001194,0.013293,0.068306,
0.000011,0.001190,0.013359,0.068337,
0.000011,0.001144,0.013348,0.067632,
0.000011,0.001160,0.013210,0.067219,
0.000011,0.001182,0.013267,0.066974,
0.000011,0.001158,0.013161,0.066892,
0.000011,0.001216,0.014311,0.068898,
0.000011,0.001225,0.013560,0.067628,
0.000011,0.001164,0.013278,0.067721,
0.000011,0.001143,0.013202,0.067059,
0.000011,0.001210,0.013100,0.066874,
0.000011,0.001187,0.013453,0.068856,
0.000011,0.001158,0.013437,0.068816,
0.000011,0.001189,0.013382,0.067870,
0.000011,0.001153,0.013259,0.067221,
0.000011,0.001141,0.013387,0.067201,
0.000011,0.001177,0.013285,0.067025,
0.000011,0.001142,0.013210,0.069673,
0.000011,0.001160,0.013467,0.068321,
0.000011,0.001169,0.013184,0.067328,
0.000011,0.001195,0.013173,0.066916,
0.000011,0.001181,0.013113,0.069437,
0.000011,0.001148,0.013618,0.069529,
0.000011,0.001153,0.013519,0.068165,
0.000011,0.001158,0.013293,0.067619,
0.000011,0.001143,0.013376,0.067331,
0.000011,0.001194,0.013266,0.067019,
0.000011,0.001140,0.013373,0.066852,
0.000012,0.001167,0.013185,0.066894,
0.000011,0.001193,0.013148,0.069202,
0.000011,0.001144,0.013496,0.069124,
0.000011,0.001206,0.013329,0.067576,
0.000011,0.001198,0.013445,0.067982,
0.000011,0.001160,0.013258,0.067450,
0.000011,0.001166,0.013203,0.066871,
0.000011,0.001200,0.013186,0.066837,
0.000011,0.001176,0.013383,0.067123,
0.000011,0.001212,0.013168,0.066942,
0.000011,0.001195,0.013305,0.069505,
0.000011,0.001158,0.013752,0.069585,
0.000011,0.001214,0.013491,0.068806,
0.000011,0.001188,0.013284,0.068122,
0.000011,0.001171,0.013472,0.067583,
0.000011,0.001209,0.013817,0.067062,
0.000011,0.001155,0.013190,0.066854,
0.000011,0.001145,0.013209,0.066872,
0.000011,0.001128,0.013785,0.070148,
0.000011,0.001163,0.013822,0.070081,
0.000011,0.001205,0.013584,0.068856,
0.000011,0.001182,0.013639,0.068775,
0.000011,0.001196,0.013254,0.068097,
0.000011,0.001130,0.013116,0.066900,
0.000011,0.001162,0.013548,0.070554,
0.000011,0.001183,0.013506,0.068138,
0.000011,0.001134,0.013259,0.068070,
0.000011,0.001166,0.013280,0.067124,
0.000011,0.001152,0.013258,0.066958,
0.000011,0.001145,0.013133,0.066911,
0.000011,0.001147,0.013204,0.070168,
0.000011,0.001177,0.013756,0.069793,
0.000011,0.001194,0.013582,0.069517,
0.000011,0.001195,0.013605,0.068221,
0.000011,0.001202,0.013325,0.067359,
0.000011,0.001189,0.013359,0.067039,
0.000011,0.001133,0.013661,0.066909,
0.000011,0.001133,0.013210,0.066874,
0.000011,0.001197,0.013789,0.069929,
0.000011,0.001152,0.013475,0.069224,
0.000011,0.001204,0.013363,0.068092,
0.000011,0.001155,0.013232,0.066987,
0.000011,0.001201,0.013128,0.066889,
0.000011,0.001163,0.013195,0.066845,
0.000011,0.001157,0.013275,0.069927,
0.000011,0.001158,0.013400,0.068781,
0.000011,0.001174,0.013409,0.068565,
0.000011,0.001192,0.013197,0.067012,
0.000011,0.001158,0.013211,0.066844,
0.000011,0.001196,0.013162,0.066868,
0.000011,0.001167,0.013166,0.068374,
0.000011,0.001142,0.013636,0.069454,
0.000011,0.001212,0.013173,0.069865,
0.000011,0.001154,0.013546,0.067797,
0.000011,0.001213,0.013416,0.067132,
0.000011,0.001172,0.013273,0.067234,
0.000011,0.001210,0.013235,0.067133,
0.000011,0.001148,0.013186,0.066989,
0.000011,0.001170,0.013210,0.066855,
0.000011,0.001161,0.013820,0.070074,
0.000011,0.001168,0.013484,0.067722,
0.000011,0.001153,0.013302,0.067217,
0.000011,0.001165,0.013260,0.067093,
0.000011,0.001166,0.013218,0.067157,
0.000011,0.001154,0.013198,0.067730,
0.000011,0.001132,0.013282,0.069934,
0.000011,0.001186,0.013788,0.068095,
0.000011,0.001148,0.013317,0.067880,
0.000011,0.001152,0.013163,0.066880,
0.000011,0.001133,0.013168,0.069862,
0.000011,0.001188,0.013690,0.069928,
0.000011,0.001181,0.013440,0.068656,
0.000011,0.001179,0.013314,0.068727,
0.000011,0.001172,0.013297,0.067104,
0.000011,0.001145,0.013159,0.066897,
0.000011,0.001144,0.013174,0.068867,
0.000011,0.001152,0.013358,0.068498,
0.000011,0.001146,0.013370,0.067776,
0.000011,0.001183,0.013332,0.067018,
0.000011,0.001170,0.013252,0.066958,
0.000011,0.001192,0.013177,0.066873,
0.000011,0.001158,0.013470,0.070021,
0.000011,0.001133,0.013607,0.069066,
0.000011,0.001149,0.013457,0.069367,
0.000011,0.001179,0.013459,0.068479,
0.000011,0.001201,0.013438,0.068598,
0.000011,0.001159,0.013371,0.067305,
0.000011,0.001168,0.013169,0.066917,
0.000011,0.001160,0.013153,0.066912,
0.000011,0.001123,0.013730,0.067633,
0.000011,0.001150,0.013182,0.067855,
0.000011,0.001140,0.013122,0.066917,
0.000011,0.001134,0.013153,0.066950,
0.000011,0.001191,0.013254,0.069888,
0.000011,0.001168,0.013556,0.069453,
0.000011,0.001141,0.013429,0.067517,
0.000011,0.001188,0.013458,0.067326,
0.000011,0.001144,0.013277,0.067678,
0.000011,0.001148,0.013227,0.066937,
0.000011,0.001139,0.013188,0.066955,
0.000011,0.001165,0.013156,0.066826,
0.000011,0.001162,0.013179,0.066868,
0.000011,0.001150,0.013291,0.069370,
0.000011,0.001156,0.013361,0.067332,
0.000011,0.001197,0.013172,0.067077,
0.000011,0.001148,0.013199,0.067042,
0.000011,0.001178,0.013156,0.066845,
0.000011,0.001163,0.013364,0.067858,
0.000011,0.001158,0.013194,0.067009,
0.000011,0.001194,0.013142,0.066893,
0.000011,0.001151,0.013163,0.066864,
0.000011,0.001203,0.013771,0.070372,
0.000011,0.001144,0.013616,0.069721,
0.000011,0.001152,0.013421,0.068543,
0.000011,0.001138,0.013237,0.067121,
0.000011,0.001137,0.013162,0.066998,
0.000011,0.001147,0.013146,0.066976,
0.000011,0.001173,0.013145,0.067014,
0.000011,0.001147,0.013547,0.069684,
0.000011,0.001199,0.013474,0.067513,
0.000011,0.001133,0.013302,0.067369,
0.000011,0.001189,0.013288,0.067136,
0.000011,0.001188,0.013272,0.066936,
0.000011,0.001212,0.013211,0.067186,
0.000011,0.001171,0.013192,0.066950,
0.000011,0.001134,0.013246,0.066941,
0.000011,0.001188,0.013113,0.066925,
0.000011,0.001145,0.013127,0.069254,
0.000011,0.001137,0.013625,0.070140,
0.000011,0.001169,0.013671,0.069861,
0.000011,0.001151,0.013729,0.068983,
0.000011,0.001128,0.013396,0.068214,
0.000011,0.001144,0.013274,0.067499,
0.000011,0.001138,0.013192,0.067133,
0.000011,0.001146,0.013271,0.067544,
0.000011,0.001181,0.013165,0.066796,
0.000011,0.001182,0.013199,0.070062,
0.000011,0.001179,0.013670,0.069504,
0.000011,0.001196,0.013646,0.068333,
0.000011,0.001146,0.013269,0.067439,
0.000011,0.001189,0.013341,0.066863,
0.000011,0.001147,0.013152,0.066852,
0.000011,0.001165,0.013308,0.069850,
0.000011,0.001161,0.013565,0.068228,
0.000011,0.001160,0.013461,0.067518,
0.000011,0.001163,0.013328,0.066866,
0.000011,0.001141,0.013154,0.069746,
0.000011,0.001153,0.013247,0.068255,
0.000011,0.001137,0.013459,0.068009,
0.000011,0.001130,0.013353,0.067237,
0.000011,0.001150,0.013159,0.067108,
0.000011,0.001162,0.013200,0.066888,
0.000011,0.001148,0.013706,0.069703,
0.000011,0.001188,0.013394,0.067882,
0.000011,0.001143,0.013205,0.067224,
0.000011,0.001148,0.013141,0.067504,
0.000011,0.001164,0.013175,0.066897,
0.000011,0.001135,0.013135,0.066868,
0.000011,0.001137,0.013158,0.066888,
0.000011,0.001146,0.013619,0.069196,
0.000011,0.001156,0.013697,0.069300,
0.000011,0.001149,0.013354,0.068235,
0.000011,0.001199,0.013676,0.067704,
0.000011,0.001170,0.013144,0.066946,
0.000011,0.001157,0.013095,0.066947,
0.000011,0.001164,0.013544,0.069442,
0.000011,0.001206,0.013549,0.068889,
0.000011,0.001139,0.013321,0.067274,
0.000011,0.001176,0.013192,0.066898,
0.000011,0.001148,0.013135,0.066860,
0.000011,0.001147,0.013188,0.067167,
0.000011,0.001166,0.013558,0.069200,
0.000011,0.001152,0.013505,0.068015,
0.000011,0.001175,0.013265,0.067300,
0.000011,0.001190,0.013155,0.067120,
0.000011,0.001177,0.013136,0.066922,
0.000011,0.001214,0.013729,0.069870,
0.000011,0.001142,0.013392,0.067661,
0.000011,0.001185,0.013281,0.067229,
0.000011,0.001138,0.013175,0.066921,
0.000011,0.001171,0.013165,0.066853,
0.000011,0.001136,0.013297,0.067422,
0.000011,0.001145,0.013344,0.067737,
0.000011,0.001145,0.013208,0.067092,
0.000011,0.001175,0.013204,0.066890,
0.000011,0.001136,0.013727,0.069967,
0.000011,0.001137,0.013679,0.067500,
0.000011,0.001684,0.013265,0.067560,
0.000011,0.001175,0.013270,0.067155,
0.000011,0.001160,0.013253,0.067156,
0.000011,0.001137,0.013170,0.066957,
0.000011,0.001169,0.013782,0.070083,
0.000011,0.001144,0.013418,0.067461,
0.000011,0.001152,0.013243,0.067170,
0.000011,0.001188,0.013103,0.069172,
0.000011,0.001160,0.013423,0.067117,
0.000011,0.001156,0.013247,0.066917,
0.000011,0.001187,0.013210,0.070008,
0.000011,0.001144,0.013603,0.070065,
0.000011,0.001178,0.013687,0.069802,
0.000011,0.001134,0.013704,0.068900,
0.000011,0.001187,0.013216,0.067370,
0.000011,0.001134,0.013270,0.067343,
0.000011,0.001189,0.013719,0.069446,
0.000011,0.001175,0.013648,0.068131,
0.000011,0.001141,0.013302,0.067592,
0.000011,0.001155,0.013218,0.067333,
0.000011,0.001185,0.013251,0.066849,
0.000011,0.001142,0.013146,0.067117,
0.000011,0.001156,0.013409,0.068181,
0.000011,0.001174,0.013516,0.068356,
0.000011,0.001206,0.013277,0.067085,
0.000011,0.001200,0.013268,0.067090,
0.000011,0.001139,0.013120,0.067436,
0.000011,0.001150,0.013381,0.068074,
0.000011,0.001166,0.013401,0.068256,
0.000011,0.001149,0.013313,0.067520,
0.000011,0.001159,0.013332,0.068104,
0.000011,0.001156,0.013266,0.067562,
0.000011,0.001156,0.013205,0.066857,
0.000011,0.001191,0.013156,0.069759,
0.000011,0.001191,0.013514,0.067896,
0.000011,0.001189,0.013440,0.067129,
0.000011,0.001192,0.013226,0.067605,
0.000011,0.001145,0.013151,0.067061,
0.000011,0.001150,0.013152,0.066913,
0.000011,0.001140,0.013116,0.067200,
0.000011,0.001145,0.013357,0.067557,
0.000011,0.001151,0.013678,0.066958,
0.000011,0.001137,0.013179,0.066898,
0.000011,0.001142,0.013137,0.070188,
0.000011,0.001189,0.013639,0.069768,
0.000011,0.001163,0.013397,0.067261,
0.000011,0.001153,0.013252,0.068103,
0.000011,0.001187,0.013182,0.067019,
0.000011,0.001151,0.013265,0.066944,
0.000011,0.001149,0.013168,0.066868,
0.000011,0.001175,0.013184,0.069008,
0.000011,0.001138,0.013631,0.067976,
0.000011,0.001199,0.013216,0.067846,
0.000011,0.001201,0.013199,0.067102,
0.000011,0.001173,0.013284,0.067096,
0.000011,0.001191,0.013109,0.066915,
0.000011,0.001156,0.013150,0.066972,
0.000011,0.001195,0.013414,0.067568,
0.000011,0.001170,0.013220,0.067047,
0.000011,0.001145,0.013209,0.068276,
0.000011,0.001158,0.013362,0.068069,
0.000011,0.001167,0.013260,0.067092,
0.000011,0.001147,0.013220,0.066860,
0.000011,0.001130,0.013144,0.066914,
0.000011,0.001133,0.013150,0.067201,
0.000011,0.001164,0.013437,0.067631,
0.000011,0.001160,0.013186,0.067038,
0.000011,0.001141,0.013183,0.066921,
0.000011,0.001175,0.013462,0.066892,
0.000011,0.001160,0.013106,0.066992,
0.000011,0.001177,0.013728,0.068803,
0.000011,0.001137,0.013280,0.067052,
0.000011,0.001137,0.013210,0.066968,
0.000011,0.001196,0.013170,0.067403,
0.000011,0.001134,0.013249,0.068024,
0.000011,0.001177,0.013687,0.070046,
0.000011,0.001146,0.013525,0.068468,
0.000011,0.001180,0.013389,0.069005,
0.000011,0.001143,0.013292,0.067112,
0.000011,0.001148,0.013161,0.066906,
0.000011,0.001139,0.013155,0.069483,
0.000011,0.001215,0.013362,0.069354,
0.000012,0.001154,0.013416,0.067509,
0.000011,0.001126,0.013252,0.067259,
0.000011,0.001155,0.013215,0.067106,
0.000011,0.001136,0.013240,0.069074,
0.000011,0.001163,0.013389,0.069845,
0.000011,0.001195,0.013872,0.067348,
0.000011,0.001181,0.013114,0.066985,
0.000011,0.001153,0.013159,0.070009,
0.000011,0.001168,0.013434,0.068734,
0.000011,0.001178,0.013381,0.067727,
0.000011,0.001158,0.013193,0.067028,
0.000011,0.001139,0.013170,0.066956,
0.000011,0.001189,0.013163,0.067418,
0.000011,0.001142,0.013161,0.066928,
0.000011,0.001164,0.013540,0.069279,
0.000011,0.001193,0.013866,0.068681,
0.000011,0.001194,0.013303,0.068499,
0.000011,0.001179,0.013329,0.067397,
0.000011,0.001180,0.013370,0.067174,
0.000011,0.001158,0.013339,0.067186,
0.000011,0.001216,0.013219,0.067010,
0.000011,0.001152,0.013181,0.067186,
0.000011,0.001162,0.013242,0.066879,
0.000011,0.001212,0.013622,0.069921,
0.000011,0.001176,0.013551,0.068111,
0.000011,0.001186,0.013628,0.067840,
0.000011,0.001223,0.013325,0.067748,
0.000011,0.001213,0.013346,0.067741,
0.000011,0.001172,0.013481,0.068531,
0.000011,0.001164,0.013117,0.066943,
0.000011,0.001186,0.013552,0.070157,
0.000011,0.001181,0.013595,0.068621,
0.000011,0.001146,0.013289,0.067143,
0.000011,0.001134,0.013316,0.067002,
0.000011,0.001145,0.013585,0.067007,
0.000011,0.001192,0.013605,0.068908,
0.000011,0.001154,0.013425,0.067521,
0.000011,0.001194,0.013230,0.067502,
0.000011,0.001155,0.013637,0.066966,
0.000011,0.001157,0.013168,0.066867,
0.000011,0.001132,0.013167,0.066880,
0.000011,0.001146,0.013205,0.066877,
0.000012,0.001196,0.013696,0.070089,
0.000011,0.001163,0.013719,0.069992,
0.000011,0.001134,0.013300,0.069059,
0.000011,0.001135,0.013197,0.067079,
0.000011,0.001157,0.013145,0.067761,
0.000011,0.001153,0.013778,0.069143,
0.000011,0.001175,0.013263,0.068033,
0.000012,0.001178,0.013288,0.067601,
0.000011,0.001143,0.013135,0.066927,
0.000011,0.001157,0.013411,0.069409,
0.000011,0.001152,0.013407,0.067341,
0.000011,0.001145,0.013344,0.068343,
0.000011,0.001132,0.013288,0.067255,
0.000011,0.001194,0.013165,0.066862,
0.000011,0.001129,0.013134,0.066888,
0.000011,0.001129,0.013218,0.069758,
0.000011,0.001141,0.013718,0.068566,
0.000011,0.001175,0.013381,0.067881,
0.000011,0.001147,0.013284,0.067760,
0.000011,0.001140,0.013187,0.066985,
0.000011,0.001129,0.013198,0.066953,
0.000011,0.001138,0.013163,0.068350,
0.000011,0.001166,0.013450,0.068454,
0.000011,0.001151,0.013245,0.068088,
0.000011,0.001139,0.013220,0.067263,
0.000011,0.001158,0.013207,0.067489,
0.000011,0.001163,0.013280,0.066992,
0.000011,0.001139,0.013210,0.069447,
0.000011,0.001232,0.013482,0.069414,
0.000011,0.001152,0.013314,0.066960,
0.000011,0.001156,0.013131,0.070386,
0.000011,0.001156,0.013713,0.069159,
0.000011,0.001146,0.013286,0.067990,
0.000011,0.001180,0.013442,0.068756,
0.000011,0.001150,0.013200,0.067104,
0.000011,0.001133,0.013120,0.066890,
0.000011,0.001196,0.013190,0.066845,
0.000011,0.001144,0.013245,0.070063,
0.000011,0.001162,0.013600,0.069085,
0.000011,0.001142,0.013578,0.068341,
0.000011,0.001166,0.013306,0.067164,
0.000011,0.001153,0.013166,0.066895,
0.000011,0.001138,0.013165,0.066855,
0.000011,0.001144,0.013141,0.069534,
0.000011,0.001140,0.013472,0.069458,
0.000011,0.001186,0.013397,0.067682,
0.000011,0.001203,0.013191,0.066975,
0.000011,0.001177,0.013163,0.066806,
0.000011,0.001169,0.013565,0.069752,
0.000011,0.001142,0.013688,0.069674,
0.000011,0.001154,0.013574,0.068287,
0.000011,0.001155,0.013370,0.067869,
0.000011,0.001142,0.013312,0.067714,
0.000011,0.001170,0.013233,0.067027,
0.000011,0.001135,0.013165,0.067575,
0.000011,0.001179,0.013166,0.066942,
0.000011,0.001183,0.013550,0.069855,
0.000011,0.001164,0.013534,0.067906,
0.000011,0.001159,0.013273,0.067613,
0.000011,0.001188,0.013687,0.067088,
0.000011,0.001194,0.013220,0.066859,
0.000011,0.001173,0.013612,0.070066,
0.000011,0.001160,0.013310,0.067407,
0.000011,0.001163,0.013379,0.066937,
0.000011,0.001190,0.013170,0.066972,
0.000011,0.001160,0.013154,0.069723,
0.000011,0.001151,0.013326,0.067539,
0.000011,0.001147,0.013318,0.067748,
0.000011,0.001186,0.013198,0.067195,
0.000011,0.001187,0.013172,0.069571,
0.000011,0.001157,0.013746,0.070039,
0.000011,0.001214,0.013478,0.068424,
0.000011,0.001161,0.013278,0.067980,
0.000011,0.001172,0.013339,0.067446,
0.000011,0.001162,0.013150,0.067089,
0.000011,0.001191,0.013168,0.069525,
0.000011,0.001208,0.013420,0.067769,
0.000011,0.001173,0.013202,0.067094,
0.000011,0.001137,0.013108,0.066973,
0.000011,0.001169,0.013162,0.066817,
0.000011,0.001207,0.013812,0.069847,
0.000011,0.001183,0.013512,0.067991,
0.000011,0.001147,0.013189,0.066886,
0.000011,0.001186,0.013168,0.066964,
0.000011,0.001152,0.013275,0.066851,
0.000011,0.001131,0.013237,0.066868,
0.000011,0.001186,0.013471,0.069907,
0.000011,0.001205,0.013548,0.068673,
0.000011,0.001185,0.013390,0.067018,
0.000011,0.001142,0.013151,0.067123,
0.000011,0.001134,0.013134,0.066808,
0.000011,0.001144,0.013133,0.069479,
0.000011,0.001139,0.013457,0.067417,
0.000011,0.001175,0.013445,0.067424,
0.000011,0.001146,0.013087,0.066873,
0.000011,0.001144,0.013187,0.070009,
0.000012,0.001213,0.013578,0.068365,
0.000011,0.001179,0.013218,0.067965,
0.000011,0.001165,0.013393,0.067341,
0.000011,0.001210,0.013351,0.066843,
0.000011,0.001130,0.013155,0.066881,
0.000011,0.001197,0.013676,0.067900,
0.000011,0.001153,0.013151,0.066892,
0.000011,0.001137,0.013188,0.066969,
0.000011,0.001186,0.013203,0.069633,
0.000011,0.001148,0.013439,0.068379,
0.000011,0.001203,0.013459,0.068764,
0.000011,0.001206,0.013286,0.067230,
0.000011,0.001195,0.013298,0.067212,
0.000011,0.001163,0.013146,0.067220,
0.000011,0.001194,0.013195,0.066883,
0.000011,0.001158,0.013124,0.066884,
0.000011,0.001153,0.013657,0.070466,
0.000011,0.001181,0.013484,0.068615,
0.000011,0.001164,0.013383,0.068193,
0.000011,0.001137,0.013247,0.067150,
0.000011,0.001125,0.013177,0.066905,
0.000011,0.001173,0.013772,0.070482,
0.000011,0.001163,0.013463,0.067386,
0.000011,0.001194,0.013133,0.066900,
0.000011,0.001153,0.013638,0.068679,
0.000011,0.001199,0.013415,0.069711,
0.000011,0.001179,0.013558,0.067816,
0.000011,0.001160,0.013167,0.066967,
0.000011,0.001190,0.013203,0.067091,
0.000011,0.001132,0.013161,0.069856,
0.000011,0.001158,0.013457,0.068150,
0.000011,0.001196,0.013817,0.067501,
0.000011,0.001167,0.013204,0.067211,
0.000011,0.001168,0.013170,0.066979,
0.000011,0.001137,0.013185,0.070064,
0.000011,0.001146,0.013654,0.069622,
0.000011,0.001153,0.013615,0.069243,
0.000011,0.001144,0.013426,0.067825,
0.000011,0.001142,0.013816,0.068085,
0.000011,0.001181,0.013286,0.067819,
0.000011,0.001143,0.013255,0.067444,
0.000011,0.001166,0.013270,0.066973,
0.000011,0.001144,0.013158,0.067556,
0.000011,0.001147,0.013132,0.068156,
0.000011,0.001148,0.013683,0.069636,
0.000011,0.001150,0.013372,0.068347,
0.000011,0.001184,0.013229,0.067204,
0.000011,0.001192,0.013234,0.066988,
0.000011,0.001136,0.013191,0.068637,
0.000011,0.001174,0.013718,0.069624,
0.000011,0.001167,0.013395,0.068016,
0.000011,0.001218,0.013404,0.067977,
0.000011,0.001190,0.013097,0.066891,
0.000011,0.001163,0.013732,0.069893,
0.000011,0.001138,0.013532,0.069884,
0.000011,0.001141,0.013888,0.068901,
0.000011,0.001187,0.013677,0.067669,
0.000011,0.001172,0.013460,0.067394,
0.000011,0.001129,0.013343,0.067316,
0.000012,0.001180,0.013265,0.067333,
0.000011,0.001134,0.013184,0.067001,
0.000011,0.001135,0.013193,0.066916,
0.000011,0.001203,0.013166,0.066931,
0.000011,0.001208,0.013114,0.068902,
0.000011,0.001149,0.013474,0.068402,
0.000011,0.001191,0.013238,0.067094,
0.000011,0.001132,0.013151,0.066994,
0.000011,0.001146,0.013186,0.067090,
0.000011,0.001174,0.013266,0.066999,
0.000011,0.001151,0.013097,0.069832,
0.000011,0.001152,0.013591,0.069441,
0.000011,0.001189,0.013271,0.067414,
0.000011,0.001145,0.013315,0.067403,
0.000011,0.001163,0.013611,0.069179,
0.000011,0.001178,0.013576,0.067722,
0.000011,0.001173,0.013184,0.067170,
0.000011,0.001153,0.013151,0.067023,
0.000011,0.001181,0.013275,0.066889,
0.000011,0.001172,0.013589,0.068835,
0.000011,0.001138,0.013108,0.067122,
0.000011,0.001145,0.013135,0.069132,
0.000011,0.001143,0.013255,0.067067,
0.000011,0.001174,0.013176,0.066960,
0.000011,0.001139,0.013171,0.067090,
0.000011,0.001151,0.013885,0.069771,
0.000011,0.001199,0.013516,0.069427,
0.000011,0.001181,0.013434,0.067747,
0.000011,0.001180,0.013322,0.066960,
0.000011,0.001137,0.013153,0.067032,
0.000011,0.001160,0.013602,0.068693,
0.000011,0.001169,0.013576,0.068375,
0.000011,0.001146,0.013355,0.067232,
0.000011,0.001160,0.013185,0.067146,
0.000011,0.001184,0.013232,0.067406,
0.000011,0.001199,0.013257,0.068777,
0.000011,0.001150,0.013390,0.069330,
0.000011,0.001160,0.013426,0.067414,
0.000011,0.001242,0.013190,0.066964,
0.000011,0.001200,0.013179,0.066922,
0.000011,0.001135,0.013157,0.067851,
0.000011,0.001162,0.013477,0.068746,
0.000011,0.001196,0.013500,0.068266,
0.000011,0.001207,0.013237,0.067297,
0.000011,0.001201,0.013172,0.066931,
0.000011,0.001139,0.013202,0.067156,
0.000011,0.001204,0.013176,0.066903,
0.000011,0.001134,0.013186,0.068472,
0.000011,0.001151,0.013793,0.067754,
0.000011,0.001138,0.013430,0.067549,
0.000011,0.001142,0.013312,0.067360,
0.000011,0.001153,0.013167,0.066848,
0.000011,0.001188,0.013145,0.066954,
0.000011,0.001184,0.013319,0.069797,
0.000011,0.001197,0.013243,0.067751,
0.000011,0.001156,0.013273,0.067525,
0.000011,0.001155,0.013083,0.066956,
0.000011,0.001132,0.013141,0.069207,
0.000012,0.001156,0.013634,0.068628,
0.000011,0.001153,0.013231,0.067092,
0.000011,0.001160,0.013148,0.066914,
0.000011,0.001148,0.013121,0.066876,
0.000011,0.001179,0.013405,0.069927,
0.000011,0.001191,0.013206,0.067504,
0.000011,0.001153,0.013239,0.067037,
0.000011,0.001174,0.013166,0.066919,
0.000011,0.001156,0.013805,0.069900,
0.000011,0.001161,0.013326,0.067895,
0.000011,0.001222,0.013358,0.067360,
0.000011,0.001138,0.013207,0.066893,
0.000011,0.001201,0.013257,0.066821,
0.000011,0.001186,0.013204,0.067440,
0.000011,0.001143,0.013117,0.069834,
0.000011,0.001143,0.013820,0.069933,
0.000011,0.001203,0.013538,0.068361,
0.000011,0.001196,0.013305,0.067899,
0.000011,0.001184,0.013404,0.067686,
0.000011,0.001146,0.013196,0.067266,
0.000011,0.001140,0.013175,0.066975,
0.000011,0.001158,0.013118,0.069461,
0.000011,0.001165,0.013362,0.068394,
0.000011,0.001178,0.013212,0.067681,
0.000011,0.001169,0.013212,0.067600,
0.000011,0.001144,0.013187,0.067098,
0.000011,0.001147,0.013166,0.066871,
0.000011,0.001176,0.013215,0.070373,
0.000011,0.001176,0.013491,0.069414,
0.000011,0.001161,0.013364,0.067374,
0.000011,0.001155,0.013149,0.067224,
0.000011,0.001205,0.013196,0.066966,
0.000011,0.001155,0.013309,0.067625,
0.000011,0.001146,0.013343,0.067273,
0.000011,0.001161,0.013219,0.067605,
0.000011,0.001148,0.013622,0.069698,
0.000012,0.001211,0.013435,0.068832,
0.000011,0.001156,0.013501,0.068052,
0.000011,0.001163,0.013218,0.067124,
0.000011,0.001171,0.013190,0.067361,
0.000011,0.001154,0.013514,0.069560,
0.000011,0.001153,0.013349,0.067961,
0.000011,0.001175,0.013284,0.067578,
0.000011,0.001153,0.013168,0.067139,
0.000011,0.001253,0.013126,0.066906,
0.000011,0.001162,0.013170,0.069665,
0.000011,0.001165,0.013622,0.069115,
0.000011,0.001154,0.013755,0.067713,
0.000011,0.001156,0.013239,0.067527,
0.000011,0.001178,0.013373,0.067064,
0.000011,0.001151,0.013458,0.069461,
0.000011,0.001157,0.013281,0.067326,
0.000011,0.001164,0.013245,0.067038,
0.000011,0.001153,0.013209,0.066935,
0.000011,0.001178,0.013107,0.071951,
0.000011,0.001159,0.013593,0.068795,
0.000011,0.001201,0.013340,0.067561,
0.000011,0.001173,0.013177,0.067114,
0.000011,0.001136,0.013209,0.066908,
0.000011,0.001204,0.013182,0.066841,
0.000011,0.001200,0.013468,0.067518,
0.000011,0.001176,0.013245,0.067040,
0.000011,0.001192,0.013130,0.069768,
0.000011,0.001202,0.013409,0.068581,
0.000011,0.001141,0.013461,0.068036,
0.000011,0.001149,0.013353,0.067602,
0.000011,0.001136,0.013145,0.069432,
0.000011,0.001141,0.013676,0.069119,
0.000011,0.001192,0.013745,0.069842,
0.000011,0.001212,0.013254,0.067399,
0.000011,0.001149,0.013190,0.067073,
0.000011,0.001149,0.013249,0.067067,
0.000011,0.001164,0.013192,0.067005,
0.000011,0.001162,0.013199,0.066895,
0.000011,0.001196,0.013181,0.066880,
0.000011,0.001186,0.013557,0.069793,
0.000011,0.001208,0.013521,0.068794,
0.000011,0.001168,0.013202,0.067138,
0.000011,0.001154,0.013258,0.066944,
0.000011,0.001168,0.013204,0.067011,
0.000011,0.001150,0.013134,0.066933,
0.000011,0.001145,0.013122,0.067029,
0.000011,0.001199,0.013186,0.069857,
0.000011,0.001150,0.013751,0.069128,
0.000011,0.001162,0.013494,0.067885,
0.000011,0.001145,0.013400,0.067045,
0.000011,0.001154,0.013179,0.066919,
0.000011,0.001215,0.013428,0.068774,
0.000011,0.001187,0.013523,0.067936,
0.000011,0.001178,0.013374,0.067465,
0.000011,0.001157,0.013224,0.067041,
0.000011,0.001137,0.013162,0.066830,
0.000011,0.001141,0.013127,0.067488,
0.000011,0.001148,0.013552,0.068690,
0.000011,0.001154,0.013322,0.067424,
0.000011,0.001170,0.013163,0.066989,
0.000011,0.001139,0.013140,0.067763,
0.000011,0.001211,0.013777,0.068936,
0.000011,0.001189,0.013322,0.068490,
0.000011,0.001147,0.013357,0.067833,
0.000011,0.001140,0.013169,0.066893,
0.000011,0.001137,0.013136,0.066937,
0.000011,0.001142,0.013655,0.066916,
0.000011,0.001165,0.013848,0.069661,
0.000011,0.001155,0.013626,0.069985,
0.000011,0.001154,0.013483,0.068576,
0.000011,0.001160,0.013336,0.067058,
0.000011,0.001147,0.013148,0.066936,
0.000011,0.001146,0.013553,0.069229,
0.000011,0.001159,0.013606,0.067665,
0.000011,0.001152,0.013216,0.066985,
0.000011,0.001161,0.013850,0.070046,
0.000011,0.001139,0.013324,0.068636,
0.000011,0.001134,0.013171,0.071071,
0.000011,0.001142,0.013278,0.067163,
0.000011,0.001139,0.013364,0.067045,
0.000011,0.001159,0.013158,0.067080,
0.000011,0.001209,0.013176,0.069306,
0.000011,0.001158,0.013488,0.068620,
0.000011,0.001149,0.013296,0.067890,
0.000011,0.001143,0.013207,0.067276,
0.000011,0.001139,0.013168,0.066803,
0.000011,0.001175,0.013736,0.069505,
0.000011,0.001222,0.013560,0.071071,
0.000011,0.001155,0.013385,0.068904,
0.000011,0.001186,0.013147,0.067235,
0.000011,0.001133,0.013121,0.066857,
0.000011,0.001204,0.013670,0.070258,
0.000011,0.001198,0.013373,0.067381,
0.000011,0.001128,0.013268,0.066993,
0.000011,0.001178,0.013184,0.066930,
0.000011,0.001144,0.013221,0.066966,
0.000011,0.001145,0.013507,0.068537,
0.000011,0.001191,0.013299,0.067748,
0.000011,0.001135,0.013289,0.067854,
0.000011,0.001136,0.013228,0.066933,
0.000011,0.001138,0.013159,0.066854,
0.000011,0.001144,0.013208,0.068321,
0.000011,0.001155,0.013345,0.067881,
0.000011,0.001144,0.013206,0.067274,
0.000011,0.001154,0.013251,0.067564,
0.000011,0.001169,0.013192,0.067019,
0.000011,0.001144,0.013107,0.066997,
0.000011,0.001176,0.013231,0.066882,
0.000011,0.001155,0.013509,0.069254,
0.000011,0.001151,0.013537,0.068036,
0.000011,0.001154,0.013221,0.067095,
0.000011,0.001178,0.013192,0.066915,
0.000011,0.001180,0.013156,0.066852,
0.000011,0.001141,0.013200,0.066887,
0.000011,0.001182,0.013633,0.070282,
0.000011,0.001149,0.013594,0.069827,
0.000011,0.001170,0.013387,0.068809,
0.000011,0.001135,0.013400,0.067204,
0.000011,0.001156,0.013195,0.066967,
0.000011,0.001150,0.013277,0.067803,
0.000011,0.001189,0.013803,0.068612,
0.000011,0.001156,0.013319,0.067183,
0.000011,0.001141,0.013240,0.066947,
0.000011,0.001153,0.013153,0.066843,
0.000011,0.001172,0.013148,0.066820,
0.000011,0.001203,0.013288,0.068767,
0.000011,0.001153,0.013260,0.067590,
0.000011,0.001206,0.013231,0.066981,
0.000011,0.001165,0.013185,0.069407,
0.000011,0.001191,0.013847,0.069568,
0.000011,0.001206,0.013675,0.069695,
0.000014,0.001133,0.013295,0.067022,
0.000011,0.001160,0.013219,0.066921,
0.000011,0.001164,0.013544,0.069913,
0.000011,0.001179,0.013480,0.069533,
0.000011,0.001162,0.013296,0.067829,
0.000011,0.001143,0.013118,0.067053,
0.000011,0.001134,0.013105,0.066859,
0.000011,0.001148,0.013183,0.069134,
0.000011,0.001159,0.013540,0.068709,
0.000011,0.001129,0.013307,0.067550,
0.000011,0.001246,0.013233,0.067491,
0.000011,0.001181,0.013249,0.066991,
0.000011,0.001191,0.013124,0.066832,
0.000011,0.001209,0.013133,0.069756,
0.000011,0.001186,0.013433,0.068717,
0.000011,0.001174,0.013415,0.067984,
0.000011,0.001181,0.013258,0.067121,
0.000011,0.001183,0.013149,0.067023,
0.000011,0.001136,0.013176,0.066931,
0.000011,0.001139,0.013141,0.066880,
0.000011,0.001195,0.013743,0.069866,
0.000011,0.001141,0.013518,0.068797,
0.000011,0.001133,0.013167,0.066916,
0.000011,0.001142,0.013156,0.069455,
0.000011,0.001152,0.013847,0.068540,
0.000011,0.001147,0.013594,0.068535,
0.000011,0.001173,0.013366,0.066989,
0.000011,0.001223,0.013163,0.066910,
0.000011,0.001155,0.013153,0.069118,
0.000011,0.001159,0.013378,0.068237,
0.000011,0.001195,0.013891,0.067402,
0.000011,0.001151,0.013267,0.067036,
0.000011,0.001144,0.013209,0.066977,
0.000011,0.001193,0.013094,0.066945,
0.000011,0.001132,0.013126,0.066950,
0.000011,0.001155,0.013535,0.069006,
0.000011,0.001156,0.013396,0.067709,
0.000011,0.001135,0.013184,0.066861,
0.000011,0.001144,0.014077,0.070117,
0.000011,0.001168,0.013478,0.069635,
0.000011,0.001177,0.013379,0.068116,
0.000011,0.001125,0.013385,0.068129,
0.000011,0.001183,0.013266,0.067060,
0.000011,0.001198,0.013177,0.066925,
0.000011,0.001141,0.013119,0.069494,
0.000011,0.001140,0.013631,0.068552,
0.000011,0.001178,0.013683,0.067192,
0.000011,0.001144,0.013227,0.067423,
0.000011,0.001174,0.013205,0.066950,
0.000011,0.001153,0.013248,0.070396,
0.000011,0.001203,0.013819,0.068834,
0.000011,0.001142,0.013178,0.067216,
0.000011,0.001175,0.013166,0.066978,
0.000011,0.001174,0.013123,0.066922,
0.000011,0.001152,0.013148,0.069380,
0.000011,0.001178,0.013318,0.067600,
0.000011,0.001151,0.013176,0.066955,
0.000011,0.001153,0.013138,0.067479,
0.000011,0.001144,0.013132,0.069267,
0.000011,0.001195,0.013433,0.067952,
0.000011,0.001145,0.013463,0.067389,
0.000011,0.001130,0.013227,0.066948,
0.000011,0.001141,0.013179,0.067348,
0.000011,0.001135,0.013164,0.066838,
0.000011,0.001161,0.013175,0.068799,
0.000011,0.001149,0.013558,0.068220,
0.000011,0.001162,0.013460,0.067490,
0.000011,0.001190,0.013681,0.066991,
0.000011,0.001170,0.013188,0.069310,
0.000011,0.001172,0.013707,0.069466,
0.000011,0.001176,0.013623,0.068532,
0.000011,0.001153,0.013311,0.067073,
0.000011,0.001221,0.013207,0.066943,
0.000012,0.001205,0.013238,0.067048,
0.000011,0.001179,0.013413,0.067857,
0.000011,0.001200,0.013165,0.067021,
0.000011,0.001166,0.013515,0.070268,
0.000011,0.001214,0.013444,0.069084,
0.000011,0.001154,0.013509,0.068340,
0.000011,0.001171,0.013415,0.067475,
0.000011,0.001185,0.013206,0.067553,
0.000011,0.001206,0.013367,0.067407,
0.000011,0.001176,0.013214,0.067116,
0.000011,0.001160,0.013254,0.069964,
0.000011,0.001186,0.013626,0.070092,
0.000011,0.001239,0.013689,0.069094,
0.000012,0.001203,0.013539,0.068541,
0.000011,0.001231,0.013462,0.068584,
0.000011,0.001171,0.013227,0.067237,
0.000011,0.001162,0.013198,0.066952,
0.000011,0.001193,0.013146,0.068013,
0.000011,0.001203,0.013734,0.069850,
0.000011,0.001192,0.013679,0.067574,
0.000011,0.001183,0.013139,0.067066,
0.000011,0.001165,0.013195,0.070280,
0.000011,0.001192,0.013620,0.068426,
0.000011,0.001154,0.013473,0.068101,
0.000011,0.001192,0.013257,0.066988,
0.000011,0.001195,0.013288,0.067627,
0.000011,0.001164,0.013320,0.068204,
0.000011,0.001169,0.013204,0.068376,
0.000011,0.001158,0.013203,0.070253,
0.000011,0.001240,0.013528,0.070115,
0.000011,0.001188,0.013474,0.068388,
0.000011,0.001159,0.013433,0.068003,
0.000011,0.001159,0.013257,0.066996,
0.000011,0.001167,0.013243,0.066998,
0.000011,0.001160,0.013251,0.067271,
0.000011,0.001181,0.013538,0.067526,
0.000011,0.001196,0.013157,0.067300,
0.000011,0.001171,0.013209,0.067002,
0.000011,0.001154,0.013204,0.069300,
0.000011,0.001204,0.013672,0.067925,
0.000011,0.001187,0.013307,0.067425,
0.000011,0.001227,0.013457,0.068199,
0.000011,0.001244,0.013595,0.067366,
0.000011,0.001171,0.013249,0.067246,
0.000011,0.001219,0.013194,0.067109,
0.000011,0.001172,0.013158,0.067094,
0.000011,0.001214,0.013811,0.069926,
0.000011,0.001202,0.013361,0.068205,
0.000011,0.001212,0.013374,0.067983,
0.000011,0.001197,0.013280,0.067654,
0.000011,0.001223,0.013287,0.066937,
0.000011,0.001153,0.013146,0.066970,
0.000011,0.001169,0.013692,0.068013,
0.000011,0.001183,0.013260,0.067165,
0.000011,0.001227,0.013157,0.066957,
0.000011,0.001161,0.013173,0.067122,
0.000011,0.001212,0.013611,0.069491,
0.000011,0.001182,0.013357,0.068102,
0.000011,0.001211,0.013457,0.068306,
0.000012,0.001163,0.013284,0.067058,
0.000011,0.001164,0.013148,0.066977,
0.000011,0.001216,0.013571,0.068295,
0.000011,0.001169,0.013245,0.067715,
0.000011,0.001155,0.013206,0.067011,
0.000011,0.001164,0.013170,0.067046,
0.000011,0.001181,0.013443,0.066936,
0.000011,0.001212,0.013176,0.069997,
0.000011,0.001204,0.013738,0.067298,
0.000012,0.001190,0.013265,0.067778,
0.000011,0.001202,0.013146,0.067183,
0.000011,0.001222,0.013128,0.066937,
0.000011,0.001161,0.013151,0.069926,
0.000011,0.001215,0.013473,0.067751,
0.000011,0.001156,0.013190,0.067074,
0.000011,0.001164,0.013123,0.066953,
0.000011,0.001150,0.013138,0.067007,
0.000011,0.001183,0.013525,0.068543,
0.000011,0.001159,0.013470,0.068508,
0.000011,0.001193,0.013183,0.067704,
0.000011,0.001160,0.013467,0.067300,
0.000011,0.001176,0.013154,0.066896,
0.000011,0.001200,0.013698,0.070221,
0.000011,0.001221,0.013481,0.068390,
0.000011,0.001171,0.013323,0.068938,
0.000011,0.001218,0.013212,0.067305,
0.000011,0.001167,0.013198,0.069624,
0.000011,0.001192,0.013354,0.067319,
0.000011,0.001171,0.013223,0.066867,
0.000011,0.001203,0.013674,0.068218,
0.000011,0.001204,0.013328,0.067625,
0.000011,0.001208,0.013225,0.067250,
0.000011,0.001174,0.013321,0.067217,
0.000011,0.001175,0.013166,0.067086,
0.000011,0.001178,0.013208,0.068299,
0.000011,0.001171,0.013516,0.067608,
0.000011,0.001183,0.013290,0.066965,
0.000011,0.001162,0.013635,0.069948,
0.000011,0.001159,0.013374,0.067453,
0.000011,0.001175,0.013361,0.067427,
0.000011,0.001160,0.013265,0.067396,
0.000011,0.001164,0.013232,0.066946,
0.000011,0.001180,0.013562,0.068234,
0.000011,0.001176,0.013509,0.068250,
0.000011,0.001216,0.013562,0.067384,
0.000011,0.001203,0.013266,0.067536,
0.000011,0.001161,0.013129,0.066894,
0.000011,0.001171,0.013166,0.067106,
0.000011,0.001188,0.013174,0.067074,
0.000011,0.001169,0.013459,0.067898,
0.000011,0.001177,0.013460,0.068843,
0.000011,0.001158,0.013466,0.067542,
0.000011,0.001175,0.013236,0.067254,
0.000011,0.001193,0.013216,0.067169,
0.000011,0.001197,0.013226,0.067046,
0.000011,0.001157,0.013243,0.069989,
0.000011,0.001169,0.013538,0.068697,
0.000011,0.001196,0.013320,0.067594,
